{
    "Modules": {
        "ysyx_23060072_tb": {
            "start_perf": [
                0.11426591873168945,
                0.055024999999999998,
                0.068057999999999994,
                290396,
                290420,
                1703753959.9516389,
                112730923380010
            ],
            "end_perf": [
                0.16741609573364258,
                0.100285,
                0.075929999999999997,
                290396,
                290420,
                112731109369788,
                73014444033,
                0
            ],
            "child_modules": {
                "ysyx_23060072_controller": 1,
                "ysyx_23060072_forward": 1,
                "ysyx_23060072_wb_stage": 1
            },
            "Compiled Times": 1,
            "Compiled": "Yes",
            "nRouts": 697,
            "significant_routs": [
                [
                    135,
                    "R_VCSgd_SHV4C_87",
                    2143797,
                    97,
                    12
                ],
                [
                    222,
                    "R_VCSgd_SHV4C_de",
                    3325557,
                    3805,
                    809
                ],
                [
                    328,
                    "R_VCSgd_SHV4C_148",
                    3098293,
                    4277,
                    647
                ],
                [
                    418,
                    "R_VCSgd_SHV4C_1a2",
                    2863394,
                    2446,
                    486
                ],
                [
                    491,
                    "R_VCSgd_SHV4C_1eb",
                    3146832,
                    2308,
                    591
                ],
                [
                    519,
                    "R_VCSgd_SHV4C_207",
                    2650943,
                    2832,
                    603
                ],
                [
                    532,
                    "R_VCSgd_SHV4C_214",
                    4225608,
                    1533,
                    362
                ],
                [
                    551,
                    "R_VCSgd_SHV4C_227",
                    1882905,
                    835,
                    180
                ],
                [
                    561,
                    "R_VCSgd_SHV4C_231",
                    1918722,
                    2227,
                    550
                ],
                [
                    691,
                    "R_VCSgd_SHV4C_2b3",
                    3539067,
                    2201,
                    412
                ]
            ],
            "nQuads": 6621,
            "nMops": 17135
        },
        "ysyx_23060072_controller": {
            "end_perf": [
                0.10690188407897949,
                0.054883000000000001,
                0.060846999999999998,
                290396,
                290400,
                112730897741660,
                17179869185,
                0
            ],
            "start_perf": [
                0.10315299034118652,
                0.054883000000000001,
                0.057098999999999997,
                289404,
                289856,
                1703753959.940526,
                112730884547933
            ],
            "Compiled Times": 1,
            "child_modules": {},
            "Compiled": "Yes",
            "nQuads": 143,
            "nMops": 424,
            "nRouts": 22
        },
        "...MASTER...": {
            "end_perf": [
                0.10309004783630371,
                0.054883000000000001,
                0.057036000000000003,
                289404,
                289856,
                112730884372689,
                0,
                0
            ],
            "start_perf": [
                0.1009368896484375,
                0.054883000000000001,
                0.054883000000000001,
                288420,
                289856,
                1703753959.9383099,
                112730876809747
            ],
            "child_modules": {
                "ysyx_23060072_tb": 1
            },
            "nQuads": 0,
            "nMops": 0,
            "nRouts": 5
        },
        "ysyx_23060072_forward": {
            "end_perf": [
                0.11219406127929688,
                0.054883000000000001,
                0.066127000000000005,
                290396,
                290420,
                112730916246420,
                34359738369,
                0
            ],
            "start_perf": [
                0.10695195198059082,
                0.054883000000000001,
                0.060898000000000001,
                290396,
                290400,
                1703753959.944325,
                112730897822409
            ],
            "Compiled Times": 1,
            "child_modules": {},
            "Compiled": "Yes",
            "nQuads": 387,
            "nMops": 1281,
            "nRouts": 44
        },
        "ysyx_23060072_wb_stage": {
            "end_perf": [
                0.11421704292297363,
                0.055003000000000003,
                0.068029999999999993,
                290396,
                290420,
                112730923297611,
                68719476737,
                0
            ],
            "start_perf": [
                0.11224699020385742,
                0.054883000000000001,
                0.066181000000000004,
                290396,
                290420,
                1703753959.94962,
                112730916328263
            ],
            "Compiled Times": 1,
            "child_modules": {},
            "Compiled": "Yes",
            "nQuads": 38,
            "nMops": 172,
            "nRouts": 8
        }
    },
    "CompUnits": {
        "VWR4T_d": {
            "mod": "ysyx_23060072_wb_stage",
            "mode": 4,
            "out": "VWR4T_d.o",
            "archive": "archive.0/_51756_archive_1.a",
            "text": 888,
            "bytes": 7626,
            "checksum": 0
        },
        "amcQw_d": {
            "mod": "...MASTER...",
            "mode": 4,
            "out": "objs/amcQw_d.o",
            "text": 402,
            "bytes": 7478,
            "checksum": 0
        },
        "zL92d_d": {
            "mod": "ysyx_23060072_controller",
            "mode": 4,
            "out": "zL92d_d.o",
            "archive": "archive.0/_51756_archive_1.a",
            "text": 2441,
            "bytes": 10448,
            "checksum": 0
        },
        "SHV4C_d": {
            "mod": "ysyx_23060072_tb",
            "mode": 4,
            "out": "SHV4C_d.o",
            "archive": "archive.0/_51756_archive_1.a",
            "text": 106126,
            "bytes": 176332,
            "checksum": 0
        },
        "uEI8i_d": {
            "mod": "ysyx_23060072_forward",
            "mode": 4,
            "out": "uEI8i_d.o",
            "archive": "archive.0/_51756_archive_1.a",
            "text": 7335,
            "bytes": 16478,
            "checksum": 0
        }
    },
    "reusePaths": {},
    "ObjArchives": [
        {
            "archive": "archive.0/_51756_archive_1.a",
            "objects": [
                [
                    "zL92d_d.o",
                    10448
                ],
                [
                    "uEI8i_d.o",
                    16478
                ],
                [
                    "VWR4T_d.o",
                    7626
                ],
                [
                    "SHV4C_d.o",
                    176332
                ],
                [
                    "amcQwB.o",
                    117716
                ]
            ],
            "size": 328600
        }
    ],
    "stat": {
        "ru_self_end": {
            "ru_utime_sec": 0.100825,
            "ru_nvcsw": 23,
            "ru_majflt": 0,
            "ru_maxrss_kb": 88016,